,VIX_target,MUI_lag0,MUI_lag1,MUI_lag2,MUI_lag3,MUI_lag5,VIX_lag0,VIX_lag1,VIX_lag2,VIX_lag3,VIX_lag5
2024-01-29,13.3100004196167,-0.0001478243767919,7.876862318019186e-17,-1.0749440262199477e-15,-9.792260676891164e-17,-5.350367683917444e-16,13.600000381469728,13.300000190734863,14.130000114440918,14.789999961853027,12.699999809265137
2024-01-30,14.350000381469728,-0.0001478243767915,-0.0001478243767919,7.876862318019186e-17,-1.0749440262199477e-15,-2.2692930920098772e-15,13.3100004196167,13.600000381469728,13.300000190734863,14.130000114440918,13.84000015258789
2024-01-31,13.880000114440918,-0.0001478243767928,-0.0001478243767915,-0.0001478243767919,7.876862318019186e-17,-9.792260676891164e-17,14.350000381469728,13.3100004196167,13.600000381469728,13.300000190734863,14.789999961853027
2024-02-01,13.850000381469728,0.2212526340455374,-0.0001478243767928,-0.0001478243767915,-0.0001478243767919,-1.0749440262199477e-15,13.880000114440918,14.350000381469728,13.3100004196167,13.600000381469728,14.130000114440918
2024-02-02,13.670000076293944,-0.3468991150429707,0.2212526340455374,-0.0001478243767928,-0.0001478243767915,7.876862318019186e-17,13.850000381469728,13.880000114440918,14.350000381469728,13.3100004196167,13.300000190734863
2024-02-05,13.0600004196167,-0.2643058504010213,-0.3468991150429707,0.2212526340455374,-0.0001478243767928,-0.0001478243767919,13.670000076293944,13.850000381469728,13.880000114440918,14.350000381469728,13.600000381469728
2024-02-06,12.829999923706056,-0.2283328852424635,-0.2643058504010213,-0.3468991150429707,0.2212526340455374,-0.0001478243767915,13.0600004196167,13.670000076293944,13.850000381469728,13.880000114440918,13.3100004196167
2024-02-07,12.789999961853027,-0.2481060969830426,-0.2283328852424635,-0.2643058504010213,-0.3468991150429707,-0.0001478243767928,12.829999923706056,13.0600004196167,13.670000076293944,13.850000381469728,14.350000381469728
2024-02-08,12.93000030517578,-0.2221195722770486,-0.2481060969830426,-0.2283328852424635,-0.2643058504010213,0.2212526340455374,12.789999961853027,12.829999923706056,13.0600004196167,13.670000076293944,13.880000114440918
2024-02-09,13.93000030517578,-0.1849810682767461,-0.2221195722770486,-0.2481060969830426,-0.2283328852424635,-0.3468991150429707,12.93000030517578,12.789999961853027,12.829999923706056,13.0600004196167,13.850000381469728
2024-02-12,15.850000381469728,-0.1073443513797803,-0.1849810682767461,-0.2221195722770486,-0.2481060969830426,-0.2643058504010213,13.93000030517578,12.93000030517578,12.789999961853027,12.829999923706056,13.670000076293944
2024-02-13,14.380000114440918,-0.1038891443998094,-0.1073443513797803,-0.1849810682767461,-0.2221195722770486,-0.2283328852424635,15.850000381469728,13.93000030517578,12.93000030517578,12.789999961853027,13.0600004196167
2024-02-14,14.010000228881836,0.1945424827308765,-0.1038891443998094,-0.1073443513797803,-0.1849810682767461,-0.2481060969830426,14.380000114440918,15.850000381469728,13.93000030517578,12.93000030517578,12.829999923706056
2024-02-15,14.239999771118164,0.152762916414582,0.1945424827308765,-0.1038891443998094,-0.1073443513797803,-0.2221195722770486,14.010000228881836,14.380000114440918,15.850000381469728,13.93000030517578,12.789999961853027
2024-02-16,15.420000076293944,0.1652184132884532,0.152762916414582,0.1945424827308765,-0.1038891443998094,-0.1849810682767461,14.239999771118164,14.010000228881836,14.380000114440918,15.850000381469728,12.93000030517578
2024-02-20,15.34000015258789,0.2710482686887297,0.1652184132884532,0.152762916414582,0.1945424827308765,-0.1073443513797803,15.420000076293944,14.239999771118164,14.010000228881836,14.380000114440918,13.93000030517578
2024-02-21,14.539999961853027,0.2842998467455545,0.2710482686887297,0.1652184132884532,0.152762916414582,-0.1038891443998094,15.34000015258789,15.420000076293944,14.239999771118164,14.010000228881836,15.850000381469728
2024-02-22,13.75,0.2881493528261645,0.2842998467455545,0.2710482686887297,0.1652184132884532,0.1945424827308765,14.539999961853027,15.34000015258789,15.420000076293944,14.239999771118164,14.380000114440918
2024-02-23,13.739999771118164,0.2408682451597706,0.2881493528261645,0.2842998467455545,0.2710482686887297,0.152762916414582,13.75,14.539999961853027,15.34000015258789,15.420000076293944,14.010000228881836
2024-02-26,13.43000030517578,0.2291842983703436,0.2408682451597706,0.2881493528261645,0.2842998467455545,0.1652184132884532,13.739999771118164,13.75,14.539999961853027,15.34000015258789,14.239999771118164
2024-02-27,13.84000015258789,0.2471856176794501,0.2291842983703436,0.2408682451597706,0.2881493528261645,0.2710482686887297,13.43000030517578,13.739999771118164,13.75,14.539999961853027,15.420000076293944
2024-02-28,13.399999618530272,0.3096792319707693,0.2471856176794501,0.2291842983703436,0.2408682451597706,0.2842998467455545,13.84000015258789,13.43000030517578,13.739999771118164,13.75,15.34000015258789
2024-02-29,13.109999656677246,0.3113174086947181,0.3096792319707693,0.2471856176794501,0.2291842983703436,0.2881493528261645,13.399999618530272,13.84000015258789,13.43000030517578,13.739999771118164,14.539999961853027
2024-03-01,13.489999771118164,0.2577713204926602,0.3113174086947181,0.3096792319707693,0.2471856176794501,0.2408682451597706,13.109999656677246,13.399999618530272,13.84000015258789,13.43000030517578,13.75
2024-03-04,14.460000038146973,0.2624323190636213,0.2577713204926602,0.3113174086947181,0.3096792319707693,0.2291842983703436,13.489999771118164,13.109999656677246,13.399999618530272,13.84000015258789,13.739999771118164
2024-03-05,14.5,0.2717927460665824,0.2624323190636213,0.2577713204926602,0.3113174086947181,0.2471856176794501,14.460000038146973,13.489999771118164,13.109999656677246,13.399999618530272,13.43000030517578
2024-03-06,14.4399995803833,0.3195516939423668,0.2717927460665824,0.2624323190636213,0.2577713204926602,0.3096792319707693,14.5,14.460000038146973,13.489999771118164,13.109999656677246,13.84000015258789
2024-03-07,14.739999771118164,0.2862147573478205,0.3195516939423668,0.2717927460665824,0.2624323190636213,0.3113174086947181,14.4399995803833,14.5,14.460000038146973,13.489999771118164,13.399999618530272
2024-03-08,15.220000267028809,0.2811647831926557,0.2862147573478205,0.3195516939423668,0.2717927460665824,0.2577713204926602,14.739999771118164,14.4399995803833,14.5,14.460000038146973,13.109999656677246
2024-03-11,13.84000015258789,0.3362225365013507,0.2811647831926557,0.2862147573478205,0.3195516939423668,0.2624323190636213,15.220000267028809,14.739999771118164,14.4399995803833,14.5,13.489999771118164
2024-03-12,13.75,0.7473181077254333,0.3362225365013507,0.2811647831926557,0.2862147573478205,0.2717927460665824,13.84000015258789,15.220000267028809,14.739999771118164,14.4399995803833,14.460000038146973
2024-03-13,14.399999618530272,0.7754551577675194,0.7473181077254333,0.3362225365013507,0.2811647831926557,0.3195516939423668,13.75,13.84000015258789,15.220000267028809,14.739999771118164,14.5
2024-03-14,14.40999984741211,0.7497803713561847,0.7754551577675194,0.7473181077254333,0.3362225365013507,0.2862147573478205,14.399999618530272,13.75,13.84000015258789,15.220000267028809,14.4399995803833
2024-03-15,14.329999923706056,0.6738156362227281,0.7497803713561847,0.7754551577675194,0.7473181077254333,0.2811647831926557,14.40999984741211,14.399999618530272,13.75,13.84000015258789,14.739999771118164
2024-03-18,13.81999969482422,0.5569698306345472,0.6738156362227281,0.7497803713561847,0.7754551577675194,0.3362225365013507,14.329999923706056,14.40999984741211,14.399999618530272,13.75,15.220000267028809
2024-03-19,13.039999961853027,0.596057181244137,0.5569698306345472,0.6738156362227281,0.7497803713561847,0.7473181077254333,13.81999969482422,14.329999923706056,14.40999984741211,14.399999618530272,13.84000015258789
2024-03-20,12.920000076293944,0.5989027402769213,0.596057181244137,0.5569698306345472,0.6738156362227281,0.7754551577675194,13.039999961853027,13.81999969482422,14.329999923706056,14.40999984741211,13.75
2024-03-21,13.0600004196167,0.5087689528535381,0.5989027402769213,0.596057181244137,0.5569698306345472,0.7497803713561847,12.920000076293944,13.039999961853027,13.81999969482422,14.329999923706056,14.399999618530272
2024-03-22,13.1899995803833,0.4876186623541094,0.5087689528535381,0.5989027402769213,0.596057181244137,0.6738156362227281,13.0600004196167,12.920000076293944,13.039999961853027,13.81999969482422,14.40999984741211
2024-03-25,13.239999771118164,0.4159938280882602,0.4876186623541094,0.5087689528535381,0.5989027402769213,0.5569698306345472,13.1899995803833,13.0600004196167,12.920000076293944,13.039999961853027,14.329999923706056
2024-03-26,12.779999732971191,0.3790842016667983,0.4159938280882602,0.4876186623541094,0.5087689528535381,0.596057181244137,13.239999771118164,13.1899995803833,13.0600004196167,12.920000076293944,13.81999969482422
2024-03-27,13.010000228881836,0.4115243482022469,0.3790842016667983,0.4159938280882602,0.4876186623541094,0.5989027402769213,12.779999732971191,13.239999771118164,13.1899995803833,13.0600004196167,13.039999961853027
2024-03-28,13.649999618530272,0.4478102807029627,0.4115243482022469,0.3790842016667983,0.4159938280882602,0.5087689528535381,13.010000228881836,12.779999732971191,13.239999771118164,13.1899995803833,12.920000076293944
2024-04-01,14.609999656677246,-0.2237893516558625,0.4478102807029627,0.4115243482022469,0.3790842016667983,0.4876186623541094,13.649999618530272,13.010000228881836,12.779999732971191,13.239999771118164,13.0600004196167
2024-04-02,14.329999923706056,-0.2965941898497187,-0.2237893516558625,0.4478102807029627,0.4115243482022469,0.4159938280882602,14.609999656677246,13.649999618530272,13.010000228881836,12.779999732971191,13.1899995803833
2024-04-03,16.350000381469727,-0.0232267757832191,-0.2965941898497187,-0.2237893516558625,0.4478102807029627,0.3790842016667983,14.329999923706056,14.609999656677246,13.649999618530272,13.010000228881836,13.239999771118164
2024-04-04,16.030000686645508,0.3584495299680076,-0.0232267757832191,-0.2965941898497187,-0.2237893516558625,0.4115243482022469,16.350000381469727,14.329999923706056,14.609999656677246,13.649999618530272,12.779999732971191
2024-04-05,15.1899995803833,1.1670563852467288,0.3584495299680076,-0.0232267757832191,-0.2965941898497187,0.4478102807029627,16.030000686645508,16.350000381469727,14.329999923706056,14.609999656677246,13.010000228881836
2024-04-08,14.979999542236328,0.1526465823400674,1.1670563852467288,0.3584495299680076,-0.0232267757832191,-0.2237893516558625,15.1899995803833,16.030000686645508,16.350000381469727,14.329999923706056,13.649999618530272
2024-04-09,15.800000190734863,0.1400518872903459,0.1526465823400674,1.1670563852467288,0.3584495299680076,-0.2965941898497187,14.979999542236328,15.1899995803833,16.030000686645508,16.350000381469727,14.609999656677246
2024-04-10,14.90999984741211,0.075720279907615,0.1400518872903459,0.1526465823400674,1.1670563852467288,-0.0232267757832191,15.800000190734863,14.979999542236328,15.1899995803833,16.030000686645508,14.329999923706056
2024-04-11,17.309999465942383,-0.9534435730120304,0.075720279907615,0.1400518872903459,0.1526465823400674,0.3584495299680076,14.90999984741211,15.800000190734863,14.979999542236328,15.1899995803833,16.350000381469727
2024-04-12,19.229999542236328,-1.0785514941240597,-0.9534435730120304,0.075720279907615,0.1400518872903459,1.1670563852467288,17.309999465942383,14.90999984741211,15.800000190734863,14.979999542236328,16.030000686645508
2024-04-15,18.399999618530273,-2.56408644164423,-1.0785514941240597,-0.9534435730120304,0.075720279907615,0.1526465823400674,19.229999542236328,17.309999465942383,14.90999984741211,15.800000190734863,15.1899995803833
2024-04-16,18.209999084472656,-2.494480528701847,-2.56408644164423,-1.0785514941240597,-0.9534435730120304,0.1400518872903459,18.399999618530273,19.229999542236328,17.309999465942383,14.90999984741211,14.979999542236328
2024-04-17,18.0,-2.8473941856106317,-2.494480528701847,-2.56408644164423,-1.0785514941240597,0.075720279907615,18.209999084472656,18.399999618530273,19.229999542236328,17.309999465942383,15.800000190734863
2024-04-18,18.709999084472656,-2.6529374984154597,-2.8473941856106317,-2.494480528701847,-2.56408644164423,-0.9534435730120304,18.0,18.209999084472656,18.399999618530273,19.229999542236328,14.90999984741211
2024-04-19,16.940000534057617,-2.9021596478467617,-2.6529374984154597,-2.8473941856106317,-2.494480528701847,-1.0785514941240597,18.709999084472656,18.0,18.209999084472656,18.399999618530273,17.309999465942383
2024-04-22,15.6899995803833,-3.3253516325133647,-2.9021596478467617,-2.6529374984154597,-2.8473941856106317,-2.56408644164423,16.940000534057617,18.709999084472656,18.0,18.209999084472656,19.229999542236328
2024-04-23,15.970000267028809,-3.4918096841609723,-3.3253516325133647,-2.9021596478467617,-2.6529374984154597,-2.494480528701847,15.6899995803833,16.940000534057617,18.709999084472656,18.0,18.399999618530273
2024-04-24,15.369999885559082,-3.612444484401441,-3.4918096841609723,-3.3253516325133647,-2.9021596478467617,-2.8473941856106317,15.970000267028809,15.6899995803833,16.940000534057617,18.709999084472656,18.209999084472656
2024-04-25,15.029999732971191,-3.5657744904633386,-3.612444484401441,-3.4918096841609723,-3.3253516325133647,-2.6529374984154597,15.369999885559082,15.970000267028809,15.6899995803833,16.940000534057617,18.0
2024-04-26,14.670000076293944,-4.431276162180322,-3.5657744904633386,-3.612444484401441,-3.4918096841609723,-2.9021596478467617,15.029999732971191,15.369999885559082,15.970000267028809,15.6899995803833,18.709999084472656
2024-04-29,15.649999618530272,-4.711529586622243,-4.431276162180322,-3.5657744904633386,-3.612444484401441,-3.3253516325133647,14.670000076293944,15.029999732971191,15.369999885559082,15.970000267028809,16.940000534057617
2024-04-30,15.390000343322754,-4.847867300740109,-4.711529586622243,-4.431276162180322,-3.5657744904633386,-3.4918096841609723,15.649999618530272,14.670000076293944,15.029999732971191,15.369999885559082,15.6899995803833
2024-05-01,14.68000030517578,-3.985613865441288,-4.847867300740109,-4.711529586622243,-4.431276162180322,-3.612444484401441,15.390000343322754,15.649999618530272,14.670000076293944,15.029999732971191,15.970000267028809
2024-05-02,13.489999771118164,-3.589486995615555,-3.985613865441288,-4.847867300740109,-4.711529586622243,-3.5657744904633386,14.68000030517578,15.390000343322754,15.649999618530272,14.670000076293944,15.369999885559082
2024-05-03,13.489999771118164,-3.42827910034406,-3.589486995615555,-3.985613865441288,-4.847867300740109,-4.431276162180322,13.489999771118164,14.68000030517578,15.390000343322754,15.649999618530272,15.029999732971191
2024-05-06,13.229999542236328,-3.012825183760433,-3.42827910034406,-3.589486995615555,-3.985613865441288,-4.711529586622243,13.489999771118164,13.489999771118164,14.68000030517578,15.390000343322754,14.670000076293944
2024-05-07,13.0,-2.8917910223189045,-3.012825183760433,-3.42827910034406,-3.589486995615555,-4.847867300740109,13.229999542236328,13.489999771118164,13.489999771118164,14.68000030517578,15.649999618530272
2024-05-08,12.6899995803833,-2.943024735326469,-2.8917910223189045,-3.012825183760433,-3.42827910034406,-3.985613865441288,13.0,13.229999542236328,13.489999771118164,13.489999771118164,15.390000343322754
2024-05-09,12.550000190734863,-2.7535444231309665,-2.943024735326469,-2.8917910223189045,-3.012825183760433,-3.589486995615555,12.6899995803833,13.0,13.229999542236328,13.489999771118164,14.68000030517578
2024-05-10,13.600000381469728,-2.9249689098347496,-2.7535444231309665,-2.943024735326469,-2.8917910223189045,-3.42827910034406,12.550000190734863,12.6899995803833,13.0,13.229999542236328,13.489999771118164
2024-05-13,13.420000076293944,-2.605442336493757,-2.9249689098347496,-2.7535444231309665,-2.943024735326469,-3.012825183760433,13.600000381469728,12.550000190734863,12.6899995803833,13.0,13.489999771118164
2024-05-14,12.449999809265137,-2.7363443093678503,-2.605442336493757,-2.9249689098347496,-2.7535444231309665,-2.8917910223189045,13.420000076293944,13.600000381469728,12.550000190734863,12.6899995803833,13.229999542236328
2024-05-15,12.420000076293944,-2.892041437150604,-2.7363443093678503,-2.605442336493757,-2.9249689098347496,-2.943024735326469,12.449999809265137,13.420000076293944,13.600000381469728,12.550000190734863,13.0
2024-05-16,11.989999771118164,-2.821084773292133,-2.892041437150604,-2.7363443093678503,-2.605442336493757,-2.7535444231309665,12.420000076293944,12.449999809265137,13.420000076293944,13.600000381469728,12.6899995803833
2024-05-17,12.149999618530272,-2.7400103738246484,-2.821084773292133,-2.892041437150604,-2.7363443093678503,-2.9249689098347496,11.989999771118164,12.420000076293944,12.449999809265137,13.420000076293944,12.550000190734863
2024-05-20,11.859999656677246,-2.6920810473226418,-2.7400103738246484,-2.821084773292133,-2.892041437150604,-2.605442336493757,12.149999618530272,11.989999771118164,12.420000076293944,12.449999809265137,13.600000381469728
2024-05-21,12.289999961853027,-2.6029370746149785,-2.6920810473226418,-2.7400103738246484,-2.821084773292133,-2.7363443093678503,11.859999656677246,12.149999618530272,11.989999771118164,12.420000076293944,13.420000076293944
2024-05-22,12.770000457763672,-2.628969217049662,-2.6029370746149785,-2.6920810473226418,-2.7400103738246484,-2.892041437150604,12.289999961853027,11.859999656677246,12.149999618530272,11.989999771118164,12.449999809265137
2024-05-23,11.93000030517578,-2.670003795697156,-2.628969217049662,-2.6029370746149785,-2.6920810473226418,-2.821084773292133,12.770000457763672,12.289999961853027,11.859999656677246,12.149999618530272,12.420000076293944
2024-05-24,12.920000076293944,-2.7426964396587263,-2.670003795697156,-2.628969217049662,-2.6029370746149785,-2.7400103738246484,11.93000030517578,12.770000457763672,12.289999961853027,11.859999656677246,11.989999771118164
2024-05-28,14.279999732971191,-2.984585795304316,-2.7426964396587263,-2.670003795697156,-2.628969217049662,-2.6920810473226418,12.920000076293944,11.93000030517578,12.770000457763672,12.289999961853027,12.149999618530272
2024-05-29,14.470000267028809,-3.047971627024741,-2.984585795304316,-2.7426964396587263,-2.670003795697156,-2.6029370746149785,14.279999732971191,12.920000076293944,11.93000030517578,12.770000457763672,11.859999656677246
2024-05-30,12.920000076293944,-3.0610493256937175,-3.047971627024741,-2.984585795304316,-2.7426964396587263,-2.628969217049662,14.470000267028809,14.279999732971191,12.920000076293944,11.93000030517578,12.289999961853027
2024-05-31,13.109999656677246,-3.242681583192824,-3.0610493256937175,-3.047971627024741,-2.984585795304316,-2.670003795697156,12.920000076293944,14.470000267028809,14.279999732971191,12.920000076293944,12.770000457763672
2024-06-03,13.15999984741211,-3.296794778374756,-3.242681583192824,-3.0610493256937175,-3.047971627024741,-2.7426964396587263,13.109999656677246,12.920000076293944,14.470000267028809,14.279999732971191,11.93000030517578
2024-06-04,12.630000114440918,-3.29737284529016,-3.296794778374756,-3.242681583192824,-3.0610493256937175,-2.984585795304316,13.15999984741211,13.109999656677246,12.920000076293944,14.470000267028809,12.920000076293944
2024-06-05,12.579999923706056,-3.218375735652274,-3.29737284529016,-3.296794778374756,-3.242681583192824,-3.047971627024741,12.630000114440918,13.15999984741211,13.109999656677246,12.920000076293944,14.279999732971191
2024-06-06,12.220000267028809,-3.1752480011219477,-3.218375735652274,-3.29737284529016,-3.296794778374756,-3.0610493256937175,12.579999923706056,12.630000114440918,13.15999984741211,13.109999656677246,14.470000267028809
2024-06-07,12.739999771118164,-3.1222020577843392,-3.1752480011219477,-3.218375735652274,-3.29737284529016,-3.242681583192824,12.220000267028809,12.579999923706056,12.630000114440918,13.15999984741211,12.920000076293944
2024-06-10,12.850000381469728,-3.025645874328371,-3.1222020577843392,-3.1752480011219477,-3.218375735652274,-3.296794778374756,12.739999771118164,12.220000267028809,12.579999923706056,12.630000114440918,13.109999656677246
2024-06-11,12.039999961853027,-3.030099038439225,-3.025645874328371,-3.1222020577843392,-3.1752480011219477,-3.29737284529016,12.850000381469728,12.739999771118164,12.220000267028809,12.579999923706056,13.15999984741211
2024-06-12,11.9399995803833,-3.0287964958887197,-3.030099038439225,-3.025645874328371,-3.1222020577843392,-3.218375735652274,12.039999961853027,12.850000381469728,12.739999771118164,12.220000267028809,12.630000114440918
2024-06-13,12.65999984741211,-2.640940341953639,-3.0287964958887197,-3.030099038439225,-3.025645874328371,-3.1752480011219477,11.9399995803833,12.039999961853027,12.850000381469728,12.739999771118164,12.579999923706056
2024-06-14,12.75,-2.5541024615872487,-2.640940341953639,-3.0287964958887197,-3.030099038439225,-3.1222020577843392,12.65999984741211,11.9399995803833,12.039999961853027,12.850000381469728,12.220000267028809
2024-06-17,12.300000190734863,-2.4881648857227967,-2.5541024615872487,-2.640940341953639,-3.0287964958887197,-3.025645874328371,12.75,12.65999984741211,11.9399995803833,12.039999961853027,12.739999771118164
2024-06-18,13.279999732971191,-2.4903976016458422,-2.4881648857227967,-2.5541024615872487,-2.640940341953639,-3.030099038439225,12.300000190734863,12.75,12.65999984741211,11.9399995803833,12.850000381469728
2024-06-20,13.199999809265137,-2.4999050256920192,-2.4903976016458422,-2.4881648857227967,-2.5541024615872487,-3.0287964958887197,13.279999732971191,12.300000190734863,12.75,12.65999984741211,12.039999961853027
2024-06-21,13.329999923706056,-2.488863461072791,-2.4999050256920192,-2.4903976016458422,-2.4881648857227967,-2.640940341953639,13.199999809265137,13.279999732971191,12.300000190734863,12.75,11.9399995803833
2024-06-24,12.84000015258789,-2.321490449262614,-2.488863461072791,-2.4999050256920192,-2.4903976016458422,-2.5541024615872487,13.329999923706056,13.199999809265137,13.279999732971191,12.300000190734863,12.65999984741211
2024-06-25,12.550000190734863,-2.2966271710489243,-2.321490449262614,-2.488863461072791,-2.4999050256920192,-2.4881648857227967,12.84000015258789,13.329999923706056,13.199999809265137,13.279999732971191,12.75
2024-06-26,12.239999771118164,-2.306302367397175,-2.2966271710489243,-2.321490449262614,-2.488863461072791,-2.4903976016458422,12.550000190734863,12.84000015258789,13.329999923706056,13.199999809265137,12.300000190734863
2024-06-27,12.4399995803833,-2.2985469832979217,-2.306302367397175,-2.2966271710489243,-2.321490449262614,-2.4999050256920192,12.239999771118164,12.550000190734863,12.84000015258789,13.329999923706056,13.279999732971191
2024-06-28,12.220000267028809,-2.2346509416735443,-2.2985469832979217,-2.306302367397175,-2.2966271710489243,-2.488863461072791,12.4399995803833,12.239999771118164,12.550000190734863,12.84000015258789,13.199999809265137
2024-07-01,12.029999732971191,-1.9277914194623436,-2.2346509416735443,-2.2985469832979217,-2.306302367397175,-2.321490449262614,12.220000267028809,12.4399995803833,12.239999771118164,12.550000190734863,13.329999923706056
2024-07-02,12.09000015258789,-1.9230067916223443,-1.9277914194623436,-2.2346509416735443,-2.2985469832979217,-2.2966271710489243,12.029999732971191,12.220000267028809,12.4399995803833,12.239999771118164,12.84000015258789
2024-07-03,12.479999542236328,-1.9308858415521697,-1.9230067916223443,-1.9277914194623436,-2.2346509416735443,-2.306302367397175,12.09000015258789,12.029999732971191,12.220000267028809,12.4399995803833,12.550000190734863
2024-07-05,12.369999885559082,-1.8412116532880016,-1.9308858415521697,-1.9230067916223443,-1.9277914194623436,-2.2985469832979217,12.479999542236328,12.09000015258789,12.029999732971191,12.220000267028809,12.239999771118164
2024-07-08,12.510000228881836,-1.7244133519543807,-1.8412116532880016,-1.9308858415521697,-1.9230067916223443,-2.2346509416735443,12.369999885559082,12.479999542236328,12.09000015258789,12.029999732971191,12.4399995803833
2024-07-09,12.850000381469728,-1.7145059777559324,-1.7244133519543807,-1.8412116532880016,-1.9308858415521697,-1.9277914194623436,12.510000228881836,12.369999885559082,12.479999542236328,12.09000015258789,12.220000267028809
2024-07-10,12.920000076293944,-1.6450539047692834,-1.7145059777559324,-1.7244133519543807,-1.8412116532880016,-1.9230067916223443,12.850000381469728,12.510000228881836,12.369999885559082,12.479999542236328,12.029999732971191
2024-07-11,12.460000038146973,-1.6190002106084809,-1.6450539047692834,-1.7145059777559324,-1.7244133519543807,-1.9308858415521697,12.920000076293944,12.850000381469728,12.510000228881836,12.369999885559082,12.09000015258789
2024-07-12,13.119999885559082,-1.1598598390155932,-1.6190002106084809,-1.6450539047692834,-1.7145059777559324,-1.8412116532880016,12.460000038146973,12.920000076293944,12.850000381469728,12.510000228881836,12.479999542236328
2024-07-15,13.1899995803833,-1.189044475829249,-1.1598598390155932,-1.6190002106084809,-1.6450539047692834,-1.7244133519543807,13.119999885559082,12.460000038146973,12.920000076293944,12.850000381469728,12.369999885559082
2024-07-16,14.479999542236328,-1.0789316899827603,-1.189044475829249,-1.1598598390155932,-1.6190002106084809,-1.7145059777559324,13.1899995803833,13.119999885559082,12.460000038146973,12.920000076293944,12.510000228881836
2024-07-17,15.93000030517578,-0.324764043880594,-1.0789316899827603,-1.189044475829249,-1.1598598390155932,-1.6450539047692834,14.479999542236328,13.1899995803833,13.119999885559082,12.460000038146973,12.850000381469728
2024-07-18,16.520000457763672,-0.478977284559994,-0.324764043880594,-1.0789316899827603,-1.189044475829249,-1.6190002106084809,15.93000030517578,14.479999542236328,13.1899995803833,13.119999885559082,12.920000076293944
2024-07-19,14.90999984741211,-0.4810417726920917,-0.478977284559994,-0.324764043880594,-1.0789316899827603,-1.1598598390155932,16.520000457763672,15.93000030517578,14.479999542236328,13.1899995803833,12.460000038146973
2024-07-22,14.720000267028809,-0.5100293521777319,-0.4810417726920917,-0.478977284559994,-0.324764043880594,-1.189044475829249,14.90999984741211,16.520000457763672,15.93000030517578,14.479999542236328,13.119999885559082
2024-07-23,18.040000915527344,-0.7013259259556678,-0.5100293521777319,-0.4810417726920917,-0.478977284559994,-1.0789316899827603,14.720000267028809,14.90999984741211,16.520000457763672,15.93000030517578,13.1899995803833
2024-07-24,18.459999084472656,-0.9687341999168856,-0.7013259259556678,-0.5100293521777319,-0.4810417726920917,-0.324764043880594,18.040000915527344,14.720000267028809,14.90999984741211,16.520000457763672,14.479999542236328
2024-07-25,16.389999389648438,-0.8974531323281004,-0.9687341999168856,-0.7013259259556678,-0.5100293521777319,-0.478977284559994,18.459999084472656,18.040000915527344,14.720000267028809,14.90999984741211,15.93000030517578
2024-07-26,16.600000381469727,-0.8158917880737316,-0.8974531323281004,-0.9687341999168856,-0.7013259259556678,-0.4810417726920917,16.389999389648438,18.459999084472656,18.040000915527344,14.720000267028809,16.520000457763672
2024-07-29,17.690000534057617,-0.6846757979551191,-0.8158917880737316,-0.8974531323281004,-0.9687341999168856,-0.5100293521777319,16.600000381469727,16.389999389648438,18.459999084472656,18.040000915527344,14.90999984741211
2024-07-30,16.360000610351562,-0.7215761487837093,-0.6846757979551191,-0.8158917880737316,-0.8974531323281004,-0.7013259259556678,17.690000534057617,16.600000381469727,16.389999389648438,18.459999084472656,14.720000267028809
2024-07-31,18.59000015258789,-0.7272759685995787,-0.7215761487837093,-0.6846757979551191,-0.8158917880737316,-0.9687341999168856,16.360000610351562,17.690000534057617,16.600000381469727,16.389999389648438,18.040000915527344
2024-08-01,23.38999938964844,-0.8915471863911125,-0.7272759685995787,-0.7215761487837093,-0.6846757979551191,-0.8974531323281004,18.59000015258789,16.360000610351562,17.690000534057617,16.600000381469727,18.459999084472656
2024-08-02,38.56999969482422,-0.9031009972923868,-0.8915471863911125,-0.7272759685995787,-0.7215761487837093,-0.8158917880737316,23.38999938964844,18.59000015258789,16.360000610351562,17.690000534057617,16.389999389648438
2024-08-05,27.709999084472656,0.2635530731027371,-0.9031009972923868,-0.8915471863911125,-0.7272759685995787,-0.6846757979551191,38.56999969482422,23.38999938964844,18.59000015258789,16.360000610351562,16.600000381469727
2024-08-06,27.850000381469727,2.6924946029386816,0.2635530731027371,-0.9031009972923868,-0.8915471863911125,-0.7215761487837093,27.709999084472656,38.56999969482422,23.38999938964844,18.59000015258789,17.690000534057617
2024-08-07,23.790000915527344,3.452495071804863,2.6924946029386816,0.2635530731027371,-0.9031009972923868,-0.7272759685995787,27.850000381469727,27.709999084472656,38.56999969482422,23.38999938964844,16.360000610351562
2024-08-08,20.3700008392334,3.333497154456077,3.452495071804863,2.6924946029386816,0.2635530731027371,-0.8915471863911125,23.790000915527344,27.850000381469727,27.709999084472656,38.56999969482422,18.59000015258789
2024-08-09,20.709999084472656,3.4443760999506936,3.333497154456077,3.452495071804863,2.6924946029386816,-0.9031009972923868,20.3700008392334,23.790000915527344,27.850000381469727,27.709999084472656,23.38999938964844
2024-08-12,18.1200008392334,1.7659741562412512,3.4443760999506936,3.333497154456077,3.452495071804863,0.2635530731027371,20.709999084472656,20.3700008392334,23.790000915527344,27.850000381469727,38.56999969482422
2024-08-13,16.190000534057617,1.992392679426474,1.7659741562412512,3.4443760999506936,3.333497154456077,2.6924946029386816,18.1200008392334,20.709999084472656,20.3700008392334,23.790000915527344,27.709999084472656
2024-08-14,15.229999542236328,2.0598225890262305,1.992392679426474,1.7659741562412512,3.4443760999506936,3.452495071804863,16.190000534057617,18.1200008392334,20.709999084472656,20.3700008392334,27.850000381469727
2024-08-15,14.800000190734863,1.2826379599734892,2.0598225890262305,1.992392679426474,1.7659741562412512,3.333497154456077,15.229999542236328,16.190000534057617,18.1200008392334,20.709999084472656,23.790000915527344
2024-08-16,14.649999618530272,1.046287408493752,1.2826379599734892,2.0598225890262305,1.992392679426474,3.4443760999506936,14.800000190734863,15.229999542236328,16.190000534057617,18.1200008392334,20.3700008392334
2024-08-19,15.880000114440918,1.168946112517999,1.046287408493752,1.2826379599734892,2.0598225890262305,1.7659741562412512,14.649999618530272,14.800000190734863,15.229999542236328,16.190000534057617,20.709999084472656
2024-08-20,16.270000457763672,1.501967186173784,1.168946112517999,1.046287408493752,1.2826379599734892,1.992392679426474,15.880000114440918,14.649999618530272,14.800000190734863,15.229999542236328,18.1200008392334
2024-08-21,17.549999237060547,1.7796952602318137,1.501967186173784,1.168946112517999,1.046287408493752,2.0598225890262305,16.270000457763672,15.880000114440918,14.649999618530272,14.800000190734863,16.190000534057617
2024-08-22,15.859999656677246,2.1803597127378684,1.7796952602318137,1.501967186173784,1.168946112517999,1.2826379599734892,17.549999237060547,16.270000457763672,15.880000114440918,14.649999618530272,15.229999542236328
2024-08-23,16.149999618530273,2.6617158575991247,2.1803597127378684,1.7796952602318137,1.501967186173784,1.046287408493752,15.859999656677246,17.549999237060547,16.270000457763672,15.880000114440918,14.800000190734863
2024-08-26,15.43000030517578,3.902462952052998,2.6617158575991247,2.1803597127378684,1.7796952602318137,1.168946112517999,16.149999618530273,15.859999656677246,17.549999237060547,16.270000457763672,14.649999618530272
2024-08-27,17.110000610351562,3.6179674175446186,3.902462952052998,2.6617158575991247,2.1803597127378684,1.501967186173784,15.43000030517578,16.149999618530273,15.859999656677246,17.549999237060547,15.880000114440918
2024-08-28,15.649999618530272,3.68908611400764,3.6179674175446186,3.902462952052998,2.6617158575991247,1.7796952602318137,17.110000610351562,15.43000030517578,16.149999618530273,15.859999656677246,16.270000457763672
2024-08-29,15.0,4.143702562970543,3.68908611400764,3.6179674175446186,3.902462952052998,2.1803597127378684,15.649999618530272,17.110000610351562,15.43000030517578,16.149999618530273,17.549999237060547
2024-08-30,20.719999313354492,4.348918252398991,4.143702562970543,3.68908611400764,3.6179674175446186,2.6617158575991247,15.0,15.649999618530272,17.110000610351562,15.43000030517578,15.859999656677246
2024-09-03,21.31999969482422,4.478031236804168,4.348918252398991,4.143702562970543,3.68908611400764,3.902462952052998,20.719999313354492,15.0,15.649999618530272,17.110000610351562,16.149999618530273
2024-09-04,19.899999618530273,4.899524848250747,4.478031236804168,4.348918252398991,4.143702562970543,3.6179674175446186,21.31999969482422,20.719999313354492,15.0,15.649999618530272,15.43000030517578
2024-09-05,22.3799991607666,5.720721671303764,4.899524848250747,4.478031236804168,4.348918252398991,3.68908611400764,19.899999618530273,21.31999969482422,20.719999313354492,15.0,17.110000610351562
2024-09-06,19.450000762939453,5.8843114047859215,5.720721671303764,4.899524848250747,4.478031236804168,4.143702562970543,22.3799991607666,19.899999618530273,21.31999969482422,20.719999313354492,15.649999618530272
2024-09-09,19.079999923706055,6.54338345392796,5.8843114047859215,5.720721671303764,4.899524848250747,4.348918252398991,19.450000762939453,22.3799991607666,19.899999618530273,21.31999969482422,15.0
2024-09-10,17.690000534057617,6.646721602667269,6.54338345392796,5.8843114047859215,5.720721671303764,4.478031236804168,19.079999923706055,19.450000762939453,22.3799991607666,19.899999618530273,20.719999313354492
2024-09-11,17.06999969482422,6.561709762479178,6.646721602667269,6.54338345392796,5.8843114047859215,4.899524848250747,17.690000534057617,19.079999923706055,19.450000762939453,22.3799991607666,21.31999969482422
2024-09-12,16.559999465942383,6.422209122995184,6.561709762479178,6.646721602667269,6.54338345392796,5.720721671303764,17.06999969482422,17.690000534057617,19.079999923706055,19.450000762939453,19.899999618530273
2024-09-13,17.139999389648438,6.5458324814046955,6.422209122995184,6.561709762479178,6.646721602667269,5.8843114047859215,16.559999465942383,17.06999969482422,17.690000534057617,19.079999923706055,22.3799991607666
2024-09-16,17.610000610351562,6.50156172500942,6.5458324814046955,6.422209122995184,6.561709762479178,6.54338345392796,17.139999389648438,16.559999465942383,17.06999969482422,17.690000534057617,19.450000762939453
2024-09-17,18.229999542236328,6.967424264173165,6.50156172500942,6.5458324814046955,6.422209122995184,6.646721602667269,17.610000610351562,17.139999389648438,16.559999465942383,17.06999969482422,19.079999923706055
2024-09-18,16.329999923706055,6.473623200064081,6.967424264173165,6.50156172500942,6.5458324814046955,6.561709762479178,18.229999542236328,17.610000610351562,17.139999389648438,16.559999465942383,17.690000534057617
2024-09-19,16.149999618530273,5.285735499172604,6.473623200064081,6.967424264173165,6.50156172500942,6.422209122995184,16.329999923706055,18.229999542236328,17.610000610351562,17.139999389648438,17.06999969482422
2024-09-20,15.890000343322754,5.247889399351633,5.285735499172604,6.473623200064081,6.967424264173165,6.5458324814046955,16.149999618530273,16.329999923706055,18.229999542236328,17.610000610351562,16.559999465942383
2024-09-23,15.390000343322754,4.150797761425488,5.247889399351633,5.285735499172604,6.473623200064081,6.50156172500942,15.890000343322754,16.149999618530273,16.329999923706055,18.229999542236328,17.139999389648438
2024-09-24,15.40999984741211,4.175816384174794,4.150797761425488,5.247889399351633,5.285735499172604,6.967424264173165,15.390000343322754,15.890000343322754,16.149999618530273,16.329999923706055,17.610000610351562
2024-09-25,15.369999885559082,4.350472641872649,4.175816384174794,4.150797761425488,5.247889399351633,6.473623200064081,15.40999984741211,15.390000343322754,15.890000343322754,16.149999618530273,18.229999542236328
2024-09-26,16.959999084472656,4.106813756102696,4.350472641872649,4.175816384174794,4.150797761425488,5.285735499172604,15.369999885559082,15.40999984741211,15.390000343322754,15.890000343322754,16.329999923706055
2024-09-27,16.729999542236328,4.641614270056841,4.106813756102696,4.350472641872649,4.175816384174794,5.247889399351633,16.959999084472656,15.369999885559082,15.40999984741211,15.390000343322754,16.149999618530273
2024-09-30,19.260000228881836,3.821274505643853,4.641614270056841,4.106813756102696,4.350472641872649,4.150797761425488,16.729999542236328,16.959999084472656,15.369999885559082,15.40999984741211,15.890000343322754
2024-10-01,18.899999618530273,3.495639049097562,3.821274505643853,4.641614270056841,4.106813756102696,4.175816384174794,19.260000228881836,16.729999542236328,16.959999084472656,15.369999885559082,15.390000343322754
2024-10-02,20.489999771118164,3.755297123035061,3.495639049097562,3.821274505643853,4.641614270056841,4.350472641872649,18.899999618530273,19.260000228881836,16.729999542236328,16.959999084472656,15.40999984741211
2024-10-03,19.209999084472656,3.694645992608778,3.755297123035061,3.495639049097562,3.821274505643853,4.106813756102696,20.489999771118164,18.899999618530273,19.260000228881836,16.729999542236328,15.369999885559082
2024-10-04,22.63999938964844,3.652389659011725,3.694645992608778,3.755297123035061,3.495639049097562,4.641614270056841,19.209999084472656,20.489999771118164,18.899999618530273,19.260000228881836,16.959999084472656
2024-10-07,21.420000076293945,2.661957756808695,3.652389659011725,3.694645992608778,3.755297123035061,3.821274505643853,22.63999938964844,19.209999084472656,20.489999771118164,18.899999618530273,16.729999542236328
2024-10-08,20.86000061035156,2.3004945459044195,2.661957756808695,3.652389659011725,3.694645992608778,3.495639049097562,21.420000076293945,22.63999938964844,19.209999084472656,20.489999771118164,19.260000228881836
2024-10-09,20.93000030517578,1.9768265918875536,2.3004945459044195,2.661957756808695,3.652389659011725,3.755297123035061,20.86000061035156,21.420000076293945,22.63999938964844,19.209999084472656,18.899999618530273
2024-10-10,20.459999084472656,1.6943939467031557,1.9768265918875536,2.3004945459044195,2.661957756808695,3.694645992608778,20.93000030517578,20.86000061035156,21.420000076293945,22.63999938964844,20.489999771118164
2024-10-11,19.700000762939453,2.123731031653251,1.6943939467031557,1.9768265918875536,2.3004945459044195,3.652389659011725,20.459999084472656,20.93000030517578,20.86000061035156,21.420000076293945,19.209999084472656
2024-10-14,20.63999938964844,1.9208151693891264,2.123731031653251,1.6943939467031557,1.9768265918875536,2.661957756808695,19.700000762939453,20.459999084472656,20.93000030517578,20.86000061035156,22.63999938964844
2024-10-15,19.579999923706055,1.655659798478985,1.9208151693891264,2.123731031653251,1.6943939467031557,2.3004945459044195,20.63999938964844,19.700000762939453,20.459999084472656,20.93000030517578,21.420000076293945
2024-10-16,19.11000061035156,1.8810339988454097,1.655659798478985,1.9208151693891264,2.123731031653251,1.9768265918875536,19.579999923706055,20.63999938964844,19.700000762939453,20.459999084472656,20.86000061035156
2024-10-17,18.030000686645508,1.8762521311248717,1.8810339988454097,1.655659798478985,1.9208151693891264,1.6943939467031557,19.11000061035156,19.579999923706055,20.63999938964844,19.700000762939453,20.93000030517578
2024-10-18,18.3700008392334,1.7699122692894966,1.8762521311248717,1.8810339988454097,1.655659798478985,2.123731031653251,18.030000686645508,19.11000061035156,19.579999923706055,20.63999938964844,20.459999084472656
2024-10-21,18.200000762939453,2.5962552608647003,1.7699122692894966,1.8762521311248717,1.8810339988454097,1.9208151693891264,18.3700008392334,18.030000686645508,19.11000061035156,19.579999923706055,19.700000762939453
2024-10-22,19.239999771118164,1.9082455121177295,2.5962552608647003,1.7699122692894966,1.8762521311248717,1.655659798478985,18.200000762939453,18.3700008392334,18.030000686645508,19.11000061035156,20.63999938964844
2024-10-23,19.079999923706055,1.7420508229203278,1.9082455121177295,2.5962552608647003,1.7699122692894966,1.8810339988454097,19.239999771118164,18.200000762939453,18.3700008392334,18.030000686645508,19.579999923706055
2024-10-24,20.329999923706055,1.8625383701122027,1.7420508229203278,1.9082455121177295,2.5962552608647003,1.8762521311248717,19.079999923706055,19.239999771118164,18.200000762939453,18.3700008392334,19.11000061035156
2024-10-25,19.799999237060547,2.0669561937456145,1.8625383701122027,1.7420508229203278,1.9082455121177295,1.7699122692894966,20.329999923706055,19.079999923706055,19.239999771118164,18.200000762939453,18.030000686645508
2024-10-28,19.34000015258789,1.8806532248710115,2.0669561937456145,1.8625383701122027,1.7420508229203278,2.5962552608647003,19.799999237060547,20.329999923706055,19.079999923706055,19.239999771118164,18.3700008392334
2024-10-29,20.350000381469727,2.088564696608631,1.8806532248710115,2.0669561937456145,1.8625383701122027,1.9082455121177295,19.34000015258789,19.799999237060547,20.329999923706055,19.079999923706055,18.200000762939453
2024-10-30,23.15999984741211,1.820585259022954,2.088564696608631,1.8806532248710115,2.0669561937456145,1.7420508229203278,20.350000381469727,19.34000015258789,19.799999237060547,20.329999923706055,19.239999771118164
2024-10-31,21.8799991607666,2.3252689123252925,1.820585259022954,2.088564696608631,1.8806532248710115,1.8625383701122027,23.15999984741211,20.350000381469727,19.34000015258789,19.799999237060547,19.079999923706055
2024-11-01,21.979999542236328,1.9880724433876136,2.3252689123252925,1.820585259022954,2.088564696608631,2.0669561937456145,21.8799991607666,23.15999984741211,20.350000381469727,19.34000015258789,20.329999923706055
2024-11-04,20.489999771118164,2.599825761499293,1.9880724433876136,2.3252689123252925,1.820585259022954,1.8806532248710115,21.979999542236328,21.8799991607666,23.15999984741211,20.350000381469727,19.799999237060547
2024-11-05,16.270000457763672,2.501075495777052,2.599825761499293,1.9880724433876136,2.3252689123252925,2.088564696608631,20.489999771118164,21.979999542236328,21.8799991607666,23.15999984741211,19.34000015258789
2024-11-06,15.199999809265137,0.2593768409634828,2.501075495777052,2.599825761499293,1.9880724433876136,1.820585259022954,16.270000457763672,20.489999771118164,21.979999542236328,21.8799991607666,20.350000381469727
2024-11-07,14.9399995803833,-0.2502249141857376,0.2593768409634828,2.501075495777052,2.599825761499293,2.3252689123252925,15.199999809265137,16.270000457763672,20.489999771118164,21.979999542236328,23.15999984741211
2024-11-08,14.970000267028809,-0.2289043285831479,-0.2502249141857376,0.2593768409634828,2.501075495777052,1.9880724433876136,14.9399995803833,15.199999809265137,16.270000457763672,20.489999771118164,21.8799991607666
2024-11-11,14.710000038146973,-0.8589882287665879,-0.2289043285831479,-0.2502249141857376,0.2593768409634828,2.599825761499293,14.970000267028809,14.9399995803833,15.199999809265137,16.270000457763672,21.979999542236328
2024-11-12,14.020000457763672,-0.814951238449701,-0.8589882287665879,-0.2289043285831479,-0.2502249141857376,2.501075495777052,14.710000038146973,14.970000267028809,14.9399995803833,15.199999809265137,20.489999771118164
2024-11-13,14.3100004196167,-1.2691873573618486,-0.814951238449701,-0.8589882287665879,-0.2289043285831479,0.2593768409634828,14.020000457763672,14.710000038146973,14.970000267028809,14.9399995803833,16.270000457763672
2024-11-14,16.139999389648438,-0.4843577312829127,-1.2691873573618486,-0.814951238449701,-0.8589882287665879,-0.2502249141857376,14.3100004196167,14.020000457763672,14.710000038146973,14.970000267028809,15.199999809265137
2024-11-15,15.579999923706056,-1.1126169536200503,-0.4843577312829127,-1.2691873573618486,-0.814951238449701,-0.2289043285831479,16.139999389648438,14.3100004196167,14.020000457763672,14.710000038146973,14.9399995803833
2024-11-18,16.350000381469727,-1.6838973756412825,-1.1126169536200503,-0.4843577312829127,-1.2691873573618486,-0.8589882287665879,15.579999923706056,16.139999389648438,14.3100004196167,14.020000457763672,14.970000267028809
2024-11-19,17.15999984741211,-1.8527714432628748,-1.6838973756412825,-1.1126169536200503,-0.4843577312829127,-0.814951238449701,16.350000381469727,15.579999923706056,16.139999389648438,14.3100004196167,14.710000038146973
2024-11-20,16.8700008392334,-1.5224847637674093,-1.8527714432628748,-1.6838973756412825,-1.1126169536200503,-1.2691873573618486,17.15999984741211,16.350000381469727,15.579999923706056,16.139999389648438,14.020000457763672
2024-11-21,15.239999771118164,-1.5065323648632998,-1.5224847637674093,-1.8527714432628748,-1.6838973756412825,-0.4843577312829127,16.8700008392334,17.15999984741211,16.350000381469727,15.579999923706056,14.3100004196167
2024-11-22,14.600000381469728,-1.019397315594534,-1.5065323648632998,-1.5224847637674093,-1.8527714432628748,-1.1126169536200503,15.239999771118164,16.8700008392334,17.15999984741211,16.350000381469727,16.139999389648438
2024-11-25,14.100000381469728,-1.2775963382629874,-1.019397315594534,-1.5065323648632998,-1.5224847637674093,-1.6838973756412825,14.600000381469728,15.239999771118164,16.8700008392334,17.15999984741211,15.579999923706056
2024-11-26,14.100000381469728,-1.3021542222060836,-1.2775963382629874,-1.019397315594534,-1.5065323648632998,-1.8527714432628748,14.100000381469728,14.600000381469728,15.239999771118164,16.8700008392334,16.350000381469727
2024-11-27,13.510000228881836,-1.353841484518001,-1.3021542222060836,-1.2775963382629874,-1.019397315594534,-1.5224847637674093,14.100000381469728,14.100000381469728,14.600000381469728,15.239999771118164,17.15999984741211
2024-11-29,13.34000015258789,-1.2305977396111676,-1.353841484518001,-1.3021542222060836,-1.2775963382629874,-1.5065323648632998,13.510000228881836,14.100000381469728,14.100000381469728,14.600000381469728,16.8700008392334
2024-12-02,13.300000190734863,-1.2504529262178254,-1.2305977396111676,-1.353841484518001,-1.3021542222060836,-1.019397315594534,13.34000015258789,13.510000228881836,14.100000381469728,14.100000381469728,15.239999771118164
2024-12-03,13.449999809265137,-1.1640388311340628,-1.2504529262178254,-1.2305977396111676,-1.353841484518001,-1.2775963382629874,13.300000190734863,13.34000015258789,13.510000228881836,14.100000381469728,14.600000381469728
2024-12-04,13.539999961853027,-1.1766836031821877,-1.1640388311340628,-1.2504529262178254,-1.2305977396111676,-1.3021542222060836,13.449999809265137,13.300000190734863,13.34000015258789,13.510000228881836,14.100000381469728
2024-12-05,12.770000457763672,-1.160338610451306,-1.1766836031821877,-1.1640388311340628,-1.2504529262178254,-1.353841484518001,13.539999961853027,13.449999809265137,13.300000190734863,13.34000015258789,14.100000381469728
2024-12-06,14.1899995803833,-1.2530064938137615,-1.160338610451306,-1.1766836031821877,-1.1640388311340628,-1.2305977396111676,12.770000457763672,13.539999961853027,13.449999809265137,13.300000190734863,13.510000228881836
2024-12-09,14.18000030517578,-0.8084421455122047,-1.2530064938137615,-1.160338610451306,-1.1766836031821877,-1.2504529262178254,14.1899995803833,12.770000457763672,13.539999961853027,13.449999809265137,13.34000015258789
2024-12-10,13.579999923706056,-0.939898838356983,-0.8084421455122047,-1.2530064938137615,-1.160338610451306,-1.1640388311340628,14.18000030517578,14.1899995803833,12.770000457763672,13.539999961853027,13.300000190734863
2024-12-11,13.920000076293944,-0.9357287376300264,-0.939898838356983,-0.8084421455122047,-1.2530064938137615,-1.1766836031821877,13.579999923706056,14.18000030517578,14.1899995803833,12.770000457763672,13.449999809265137
2024-12-12,13.8100004196167,-0.0652526903566111,-0.9357287376300264,-0.939898838356983,-0.8084421455122047,-1.160338610451306,13.920000076293944,13.579999923706056,14.18000030517578,14.1899995803833,13.539999961853027
2024-12-13,14.6899995803833,0.689789866099589,-0.0652526903566111,-0.9357287376300264,-0.939898838356983,-1.2530064938137615,13.8100004196167,13.920000076293944,13.579999923706056,14.18000030517578,12.770000457763672
2024-12-16,15.869999885559082,0.624675577861885,0.689789866099589,-0.0652526903566111,-0.9357287376300264,-0.8084421455122047,14.6899995803833,13.8100004196167,13.920000076293944,13.579999923706056,14.1899995803833
2024-12-17,27.6200008392334,0.5926362276174375,0.624675577861885,0.689789866099589,-0.0652526903566111,-0.939898838356983,15.869999885559082,14.6899995803833,13.8100004196167,13.920000076293944,14.18000030517578
2024-12-18,24.09000015258789,0.3259346662591753,0.5926362276174375,0.624675577861885,0.689789866099589,-0.9357287376300264,27.6200008392334,15.869999885559082,14.6899995803833,13.8100004196167,13.579999923706056
2024-12-19,18.36000061035156,1.2322255509818305,0.3259346662591753,0.5926362276174375,0.624675577861885,-0.0652526903566111,24.09000015258789,27.6200008392334,15.869999885559082,14.6899995803833,13.920000076293944
2024-12-20,16.780000686645508,0.2801289440506661,1.2322255509818305,0.3259346662591753,0.5926362276174375,0.689789866099589,18.36000061035156,24.09000015258789,27.6200008392334,15.869999885559082,13.8100004196167
2024-12-23,14.270000457763672,-1.1752012779219845,0.2801289440506661,1.2322255509818305,0.3259346662591753,0.624675577861885,16.780000686645508,18.36000061035156,24.09000015258789,27.6200008392334,14.6899995803833
2024-12-24,14.729999542236328,-2.356679345779933,-1.1752012779219845,0.2801289440506661,1.2322255509818305,0.5926362276174375,14.270000457763672,16.780000686645508,18.36000061035156,24.09000015258789,15.869999885559082
2024-12-26,15.949999809265137,-1.7978349108360578,-2.356679345779933,-1.1752012779219845,0.2801289440506661,0.3259346662591753,14.729999542236328,14.270000457763672,16.780000686645508,18.36000061035156,27.6200008392334
2024-12-27,17.399999618530273,-2.041319688544517,-1.7978349108360578,-2.356679345779933,-1.1752012779219845,1.2322255509818305,15.949999809265137,14.729999542236328,14.270000457763672,16.780000686645508,24.09000015258789
